<?xml version="1.0" encoding="UTF-8" ?>
<!DOCTYPE mapper
        PUBLIC "-//mybatis.org//DTD Mapper 3.0//EN"
        "https://mybatis.org/dtd/mybatis-3-mapper.dtd">

<mapper namespace="com.gzu.ssmdemo.mapper.UserMapper">
    <resultMap id="UserResultMap" type="com.gzu.ssmdemo.entity.User">
        <id property="id" column="id"/>
        <result property="name" column="name"/>
        <result property="age" column="age"/>
        <result property="email" column="email"/>
    </resultMap>

    <select id="selectById" resultMap="UserResultMap">
        SELECT * FROM user WHERE id = #{id}
    </select>

    <insert id="insert" useGeneratedKeys="true" keyProperty="id">
        INSERT INTO user (name, age, email) VALUES (#{name}, #{age}, #{email})
    </insert>
</mapper>